NBO second order perturbation analysis of Fock matrix,,,,,,,,,
"Energy calculation specifications: b3lyp/6-311+G(2d,2p) scrf=(solvent=diethylether) EmpiricalDispersion=GD3BJ",,,,,,,,,
,,,,,,,,,
Model,fGln123,Val51,Structure,Residue,Orbital,Interaction with LP 1,Interaction with LP 2,Interaction with LP 3,Total contribution
Active,Active,Active,TS1,Val51,BD*( 1) N 22- C 23,4.25,10.49,n/a,14.74
Active,Active,Active,TS1,Gly52,BD*( 1) N 29- H224,3.8,0.24,n/a,4.04
Active,Active,Active,TS1,Leu85,BD*( 1) N 39- H154,2.63,0,n/a,2.63
Active,Active,Active,TS2,Val51,BD*( 1) N 98- H232,7.19,11.31,4.31,22.81
Active,Active,Active,TS2,Gly52,BD*( 1) N105- H228,3.43,1.49,3.13,8.05
Active,Active,Active,TS2,Leu85,BD*( 1) N 5- H 53,7.71,0,8.7,16.41
Active,Active,Active,TS3,Val51,BD*( 1) N202- H236,0,0,n/a,0
Active,Active,Active,TS3,Gly52,BD*( 1) N203- H232,3.88,5.84,n/a,9.72
Active,Active,Active,TS3,Leu85,BD*( 1) N 44- H 68,5.09,4.21,n/a,9.3
Inactive fGln123,Inactive,Active,TS1,Val51,BD*( 1) N118- H152,4.79,10.64,n/a,15.43
Inactive fGln123,Inactive,Active,TS1,Gly52,BD*( 1) N119- H148,2.74,0.3,n/a,3.04
Inactive fGln123,Inactive,Active,TS1,Leu85,BD*( 1) N190- H205,2.51,0,n/a,2.51
Inactive fGln123,Inactive,Active,TS2,Val51,BD*( 1) N161- H195,7.02,11.62,4.83,23.47
Inactive fGln123,Inactive,Active,TS2,Gly52,BD*( 1) N162- H191,3.56,1.46,3.15,8.17
Inactive fGln123,Inactive,Active,TS2,Leu85,BD*( 1) N 5- H 29,7.09,0,7.96,15.05
Inactive fGln123,Inactive,Active,TS3,Val51,BD*( 1) N166- H200,0.06,0.05,n/a,0.11
Inactive fGln123,Inactive,Active,TS3,Gly52,BD*( 1) N167- H196,3.7,5.44,n/a,9.14
Inactive fGln123,Inactive,Active,TS3,Leu85,BD*( 1) N 8- H 32,4.89,4.17,n/a,9.06
Inactive Val51,Active,Inactive,TS1,Gly50,BD*( 2) C206- O215,0.43,0.28,0.06,0.77
Inactive Val51,Active,Inactive,TS1,Val51,BD*( 1) C207- H225,0,0,0,0
Inactive Val51,Active,Inactive,TS1,Gly52,BD*( 1) N203- H233,0,0,0,0
Inactive Val51,Active,Inactive,TS1,Leu85,BD*( 1) N 43- H 67,6.07,0,8.22,14.29
Inactive Val51,Active,Inactive,TS2,Gly50,BD*( 2) C207- O216,0.47,0.11,0.06,0.64
Inactive Val51,Active,Inactive,TS2,Val51,BD*( 1) C208- H226,0,0,0,0
Inactive Val51,Active,Inactive,TS2,Gly52,BD*( 1) N204- H234,0,0,0,0
Inactive Val51,Active,Inactive,TS2,Leu85,BD*( 1) N 44- H 68,7.44,1.69,10.96,20.09
Inactive Val51,Active,Inactive,TS3,Gly50,BD*( 2) C207- O216,0.34,0,n/a,0.34
Inactive Val51,Active,Inactive,TS3,Val51,BD*( 1) C208- H226,0,0,n/a,0
Inactive Val51,Active,Inactive,TS3,Gly52,BD*( 1) N204- H234,0,0,n/a,0
Inactive Val51,Active,Inactive,TS3,Leu85,BD*( 1) N 44- H 68,4.58,4.57,n/a,9.15
Inactive,Inactive,Inactive,TS1,Val51,BD*( 1) C 23- H167,5.86,0.15,n/a,6.01
Inactive,Inactive,Inactive,TS1,Gly52,BD*( 1) N 29- H175,0.08,0.34,n/a,0.42
Inactive,Inactive,Inactive,TS1,Leu85,BD*( 1) N 39- H156,3.72,0.53,n/a,4.25
Inactive,Inactive,Inactive,TS2,Val51,BD*( 1) C 23- H167,5.49,0.24,0.92,6.65
Inactive,Inactive,Inactive,TS2,Gly52,BD*( 1) N 29- H175,0,0.21,0.33,0.54
Inactive,Inactive,Inactive,TS2,Leu85,BD*( 1) N 39- H156,2.88,0.81,4.11,7.8
Inactive,Inactive,Inactive,TS3,Val51,BD*( 1) C 23- H167,4.92,0.74,n/a,5.66
Inactive,Inactive,Inactive,TS3,Gly52,BD*( 1) N 29- H175,0,0.43,n/a,0.43
Inactive,Inactive,Inactive,TS3,Leu85,BD*( 1) N 39- H156,0,0,n/a,0